sample_id,ts_horizon_end,truth,prediction,is_hit,realized_return_pct,confidence_0_1
BR_00001,1655769600000,DOWN_STRONG,DOWN_STRONG,1,-27.093293,0.95
BR_00002,1641254400000,DOWN_STRONG,DOWN_STRONG,1,-9.062877,0.95
BR_00003,1572825600000,UP_STRONG,DOWN_STRONG,0,8.519873,0.95
BR_00004,1612224000000,UP_STRONG,UP_STRONG,1,10.562504,0.95
BR_00005,1659052800000,UP_STRONG,DOWN_STRONG,0,1.603822,0.95
BR_00006,1692748800000,DOWN_STRONG,UP_STRONG,0,-9.797791,0.95
BR_00007,1646611200000,DOWN_STRONG,DOWN_STRONG,1,-3.13918,0.95
BR_00008,1572652800000,UP_STRONG,DOWN_STRONG,0,24.383174,0.95
BR_00009,1565222400000,UP_STRONG,UP_STRONG,1,26.192887,0.8667
BR_00010,1586822400000,NEUTRAL,DOWN_STRONG,0,0.164639,0.95
BR_00011,1665964800000,NEUTRAL,DOWN_STRONG,0,0.101228,0.95
BR_00012,1548460800000,NEUTRAL,DOWN_STRONG,0,-0.740289,0.95
BR_00013,1702771200000,DOWN_STRONG,UP_STRONG,0,-4.387247,0.95
BR_00014,1697414400000,UP_STRONG,DOWN_STRONG,0,2.03959,0.8667
BR_00015,1550361600000,UP_STRONG,DOWN_STRONG,0,7.920786,0.5333
BR_00016,1611532800000,DOWN_STRONG,UP_STRONG,0,-12.203439,0.95
BR_00017,1723334400000,DOWN_STRONG,DOWN_STRONG,1,-10.162236,0.5333
BR_00018,1659916800000,NEUTRAL,DOWN_STRONG,0,0.13761,0.95
BR_00019,1606694400000,UP_STRONG,UP_STRONG,1,5.575841,0.95
BR_00020,1662508800000,DOWN_STRONG,DOWN_STRONG,1,-1.343706,0.5333
BR_00021,1714521600000,DOWN_STRONG,UP_STRONG,0,-10.126368,0.95
BR_00022,1759968000000,UP_STRONG,DOWN_STRONG,0,6.430149,0.5333
BR_00023,1677542400000,DOWN_STRONG,UP_STRONG,0,-6.050978,0.95
BR_00024,1691884800000,NEUTRAL,UP_STRONG,0,0.377445,0.95
BR_00025,1618617600000,UP_STRONG,UP_STRONG,1,7.243916,0.95
BR_00026,1689984000000,DOWN_STRONG,UP_STRONG,0,-1.928901,0.95
BR_00027,1759104000000,DOWN_STRONG,DOWN_STRONG,1,-1.141921,0.5333
BR_00028,1522022400000,DOWN_STRONG,DOWN_STRONG,1,-1.522639,0.95
BR_00029,1727654400000,NEUTRAL,DOWN_STRONG,0,0.200218,0.5333
BR_00030,1624665600000,DOWN_STRONG,DOWN_STRONG,1,-15.816188,0.95
BR_00031,1714003200000,UP_STRONG,UP_STRONG,1,1.700331,0.95
BR_00032,1514073600000,DOWN_STRONG,UP_STRONG,0,-17.355271,0.95
BR_00033,1652832000000,DOWN_STRONG,DOWN_STRONG,1,-15.638431,0.95
BR_00034,1702944000000,DOWN_STRONG,UP_STRONG,0,-3.28868,0.95
BR_00035,1542758400000,DOWN_STRONG,NEUTRAL,0,-27.743303,0.2
BR_00036,1688947200000,NEUTRAL,UP_STRONG,0,-0.19828,0.8667
BR_00037,1691712000000,DOWN_STRONG,UP_STRONG,0,-0.942436,0.95
BR_00038,1684454400000,DOWN_STRONG,UP_STRONG,0,-2.707443,0.95
BR_00039,1585612800000,UP_STRONG,DOWN_STRONG,0,3.610773,0.95
BR_00040,1617580800000,UP_STRONG,UP_STRONG,1,7.459075,0.95
BR_00041,1745107200000,UP_STRONG,DOWN_STRONG,0,6.999283,0.95
BR_00042,1713484800000,DOWN_STRONG,UP_STRONG,0,-7.70542,0.95
BR_00043,1679443200000,UP_STRONG,UP_STRONG,1,23.879026,0.95
BR_00044,1680998400000,NEUTRAL,UP_STRONG,0,1.05332,0.95
BR_00045,1739059200000,DOWN_STRONG,UP_STRONG,0,-7.887661,0.95
BR_00046,1711238400000,DOWN_STRONG,UP_STRONG,0,-5.853778,0.95
BR_00047,1709510400000,UP_STRONG,UP_STRONG,1,34.489808,0.95
BR_00048,1536364800000,DOWN_STRONG,UP_STRONG,0,-12.059358,0.8667
BR_00049,1678752000000,UP_STRONG,UP_STRONG,1,10.39909,0.95
BR_00050,1582156800000,DOWN_STRONG,UP_STRONG,0,-2.591623,0.95
BR_00051,1565740800000,DOWN_STRONG,UP_STRONG,0,-8.047766,0.95
BR_00052,1528588800000,DOWN_STRONG,UP_STRONG,0,-9.619493,0.5333
BR_00053,1626566400000,DOWN_STRONG,DOWN_STRONG,1,-3.337266,0.95
BR_00054,1720742400000,DOWN_STRONG,DOWN_STRONG,1,-6.834036,0.5333
BR_00055,1727136000000,UP_STRONG,DOWN_STRONG,0,7.116961,0.8667
BR_00056,1587340800000,NEUTRAL,DOWN_STRONG,0,-0.467858,0.95
BR_00057,1746489600000,UP_STRONG,UP_STRONG,1,2.331255,0.95
BR_00058,1766016000000,DOWN_STRONG,DOWN_STRONG,1,-5.646799,0.95
BR_00059,1580947200000,UP_STRONG,UP_STRONG,1,9.704442,0.95
BR_00060,1692230400000,DOWN_STRONG,UP_STRONG,0,-8.85846,0.95
2026-04-06T14:09:45Z,1.000000,1,1,0.333333
2026-04-06T14:10:16Z,1.000000,1,1,0.333333
2026-04-06T14:10:25Z,1.000000,1,1,0.333333
2026-04-06T14:10:47Z,1.000000,1,1,0.333333
2026-04-06T14:11:18Z,1.000000,1,1,0.333333
2026-04-06T14:11:49Z,1.000000,1,1,0.333333
2026-04-06T14:12:20Z,0.383333,60,23,0.244358
2026-04-06T14:12:51Z,0.383333,60,23,0.244358
2026-04-06T14:12:52Z,0.383333,60,23,0.244358
2026-04-06T14:13:24Z,0.383333,60,23,0.244358
2026-04-06T14:13:54Z,0.383333,60,23,0.244358
2026-04-06T14:14:25Z,0.383333,60,23,0.244358
2026-04-06T14:14:56Z,0.383333,60,23,0.244358
2026-04-06T14:15:26Z,0.383333,60,23,0.244358
2026-04-06T14:15:57Z,0.383333,60,23,0.244358
2026-04-06T14:16:30Z,0.383333,60,23,0.244358
2026-04-06T14:17:00Z,0.383333,60,23,0.244358
2026-04-06T14:17:30Z,0.383333,60,23,0.244358
2026-04-06T14:18:00Z,0.383333,60,23,0.244358
2026-04-06T14:18:31Z,0.383333,60,23,0.244358
2026-04-06T14:19:01Z,0.383333,60,23,0.244358
2026-04-06T14:19:32Z,0.383333,60,23,0.244358
2026-04-06T14:20:02Z,0.383333,60,23,0.244358
2026-04-06T14:20:32Z,0.383333,60,23,0.244358
2026-04-06T14:21:02Z,0.383333,60,23,0.244358
2026-04-06T14:21:33Z,0.383333,60,23,0.244358
2026-04-06T14:22:03Z,0.383333,60,23,0.244358
2026-04-06T14:22:33Z,0.383333,60,23,0.244358
2026-04-06T14:23:03Z,0.383333,60,23,0.244358
2026-04-06T14:23:34Z,0.383333,60,23,0.244358
2026-04-06T14:24:04Z,0.383333,60,23,0.244358
2026-04-06T14:24:34Z,0.383333,60,23,0.244358
2026-04-06T14:25:04Z,0.383333,60,23,0.244358
2026-04-06T14:25:34Z,0.383333,60,23,0.244358
2026-04-06T14:26:06Z,0.383333,60,23,0.244358
2026-04-06T14:26:38Z,0.383333,60,23,0.244358
2026-04-06T14:27:08Z,0.383333,60,23,0.244358
2026-04-06T14:27:38Z,0.383333,60,23,0.244358
2026-04-06T14:28:08Z,0.383333,60,23,0.244358
2026-04-06T14:28:39Z,0.383333,60,23,0.244358
2026-04-06T14:29:10Z,0.383333,60,23,0.244358
2026-04-06T14:29:41Z,0.383333,60,23,0.244358
2026-04-06T14:30:12Z,0.383333,60,23,0.244358
2026-04-06T14:30:42Z,0.383333,60,23,0.244358
2026-04-06T14:31:15Z,0.383333,60,23,0.244358
2026-04-06T14:31:47Z,0.383333,60,23,0.244358
2026-04-06T14:32:20Z,0.383333,60,23,0.244358
2026-04-06T14:32:52Z,0.383333,60,23,0.244358
2026-04-06T14:33:24Z,0.383333,60,23,0.244358
2026-04-06T14:33:56Z,0.383333,60,23,0.244358
2026-04-06T14:34:28Z,0.383333,60,23,0.244358
2026-04-06T14:35:00Z,0.383333,60,23,0.244358
2026-04-06T14:35:32Z,0.383333,60,23,0.244358
2026-04-06T14:36:05Z,0.383333,60,23,0.244358
2026-04-06T14:36:38Z,0.383333,60,23,0.244358
2026-04-06T14:37:10Z,0.383333,60,23,0.244358
2026-04-06T14:37:42Z,0.383333,60,23,0.244358
2026-04-06T14:38:14Z,0.383333,60,23,0.244358
2026-04-06T14:38:46Z,0.383333,60,23,0.244358
2026-04-06T14:39:18Z,0.383333,60,23,0.244358
2026-04-06T14:39:50Z,0.383333,60,23,0.244358
2026-04-06T14:40:22Z,0.383333,60,23,0.244358
2026-04-06T14:40:54Z,0.383333,60,23,0.244358
2026-04-06T14:41:26Z,0.383333,60,23,0.244358
2026-04-06T14:41:58Z,0.383333,60,23,0.244358
2026-04-06T14:42:30Z,0.383333,60,23,0.244358
2026-04-06T14:43:03Z,0.383333,60,23,0.244358
2026-04-06T14:43:35Z,0.383333,60,23,0.244358
2026-04-06T14:44:07Z,0.383333,60,23,0.244358
2026-04-06T14:44:39Z,0.383333,60,23,0.244358
2026-04-06T14:45:10Z,0.383333,60,23,0.244358
2026-04-06T14:45:42Z,0.383333,60,23,0.244358
2026-04-06T14:46:13Z,0.383333,60,23,0.244358
2026-04-06T14:46:45Z,0.383333,60,23,0.244358
2026-04-06T14:47:16Z,0.383333,60,23,0.244358
2026-04-06T14:47:48Z,0.383333,60,23,0.244358
2026-04-06T14:48:19Z,0.383333,60,23,0.244358
2026-04-06T14:48:50Z,0.383333,60,23,0.244358
2026-04-06T14:49:22Z,0.383333,60,23,0.244358
2026-04-06T14:49:53Z,0.383333,60,23,0.244358
2026-04-06T14:50:24Z,0.383333,60,23,0.244358
2026-04-06T14:50:55Z,0.383333,60,23,0.244358
2026-04-06T14:51:25Z,0.383333,60,23,0.244358
2026-04-06T14:51:55Z,0.383333,60,23,0.244358
2026-04-06T14:52:25Z,0.383333,60,23,0.244358
2026-04-06T14:52:56Z,0.383333,60,23,0.244358
2026-04-06T14:53:26Z,0.383333,60,23,0.244358
2026-04-06T14:53:56Z,0.383333,60,23,0.244358
2026-04-06T14:54:26Z,0.383333,60,23,0.244358
2026-04-06T14:54:56Z,0.383333,60,23,0.244358
2026-04-06T14:55:26Z,0.383333,60,23,0.244358
2026-04-06T14:55:57Z,0.383333,60,23,0.244358
2026-04-06T14:56:28Z,0.383333,60,23,0.244358
2026-04-06T14:56:59Z,0.383333,60,23,0.244358
2026-04-06T14:57:29Z,0.383333,60,23,0.244358
2026-04-06T14:58:00Z,0.383333,60,23,0.244358
2026-04-06T14:58:31Z,0.383333,60,23,0.244358
2026-04-06T14:59:01Z,0.383333,60,23,0.244358
2026-04-06T14:59:31Z,0.383333,60,23,0.244358
2026-04-06T15:00:01Z,0.383333,60,23,0.244358
2026-04-06T15:00:32Z,0.383333,60,23,0.244358
2026-04-06T15:01:03Z,0.383333,60,23,0.244358
2026-04-06T15:01:33Z,0.383333,60,23,0.244358
2026-04-06T15:02:05Z,0.383333,60,23,0.244358
2026-04-06T15:02:35Z,0.383333,60,23,0.244358
2026-04-06T15:03:06Z,0.383333,60,23,0.244358
2026-04-06T15:03:37Z,0.383333,60,23,0.244358
2026-04-06T15:04:07Z,0.383333,60,23,0.244358
2026-04-06T15:04:37Z,0.383333,60,23,0.244358
2026-04-06T15:05:09Z,0.383333,60,23,0.244358
2026-04-06T15:05:40Z,0.383333,60,23,0.244358
2026-04-06T15:06:11Z,0.383333,60,23,0.244358
2026-04-06T15:06:44Z,0.383333,60,23,0.244358
2026-04-06T15:07:15Z,0.383333,60,23,0.244358
2026-04-06T15:07:46Z,0.383333,60,23,0.244358
2026-04-06T15:08:16Z,0.383333,60,23,0.244358
2026-04-06T15:08:48Z,0.383333,60,23,0.244358
2026-04-06T15:09:20Z,0.383333,60,23,0.244358
2026-04-06T15:09:51Z,0.383333,60,23,0.244358
2026-04-06T15:10:21Z,0.383333,60,23,0.244358
2026-04-06T15:10:52Z,0.383333,60,23,0.244358
2026-04-06T15:11:22Z,0.383333,60,23,0.244358
2026-04-06T15:11:52Z,0.383333,60,23,0.244358
2026-04-06T15:12:22Z,0.383333,60,23,0.244358
2026-04-06T15:12:52Z,0.383333,60,23,0.244358
2026-04-06T15:13:23Z,0.383333,60,23,0.244358
2026-04-06T15:13:53Z,0.383333,60,23,0.244358
2026-04-06T15:14:23Z,0.383333,60,23,0.244358
2026-04-06T15:14:53Z,0.383333,60,23,0.244358
2026-04-06T15:15:24Z,0.383333,60,23,0.244358
2026-04-06T15:15:55Z,0.383333,60,23,0.244358
2026-04-06T15:16:27Z,0.383333,60,23,0.244358
2026-04-06T15:16:59Z,0.383333,60,23,0.244358
2026-04-06T15:17:29Z,0.383333,60,23,0.244358
2026-04-06T15:18:00Z,0.383333,60,23,0.244358
2026-04-06T15:18:30Z,0.383333,60,23,0.244358
2026-04-06T15:19:01Z,0.383333,60,23,0.244358
2026-04-06T15:19:31Z,0.383333,60,23,0.244358
2026-04-06T15:20:01Z,0.383333,60,23,0.244358
2026-04-06T15:20:32Z,0.383333,60,23,0.244358
2026-04-06T15:21:02Z,0.383333,60,23,0.244358
2026-04-06T15:21:33Z,0.383333,60,23,0.244358
2026-04-06T15:22:03Z,0.383333,60,23,0.244358
2026-04-06T15:22:34Z,0.383333,60,23,0.244358
2026-04-06T15:23:05Z,0.383333,60,23,0.244358
2026-04-06T15:23:35Z,0.383333,60,23,0.244358
2026-04-06T15:24:06Z,0.383333,60,23,0.244358
2026-04-06T15:24:37Z,0.383333,60,23,0.244358
2026-04-06T15:25:09Z,0.383333,60,23,0.244358
2026-04-06T15:25:41Z,0.383333,60,23,0.244358
2026-04-06T15:26:15Z,0.383333,60,23,0.244358
2026-04-06T15:26:48Z,0.383333,60,23,0.244358
2026-04-06T15:27:20Z,0.383333,60,23,0.244358
2026-04-06T15:27:52Z,0.383333,60,23,0.244358
2026-04-06T15:28:24Z,0.383333,60,23,0.244358
2026-04-06T15:28:56Z,0.383333,60,23,0.244358
2026-04-06T15:29:27Z,0.383333,60,23,0.244358
2026-04-06T15:29:59Z,0.383333,60,23,0.244358
2026-04-06T15:30:30Z,0.383333,60,23,0.244358
2026-04-06T15:31:02Z,0.383333,60,23,0.244358
2026-04-06T15:31:33Z,0.383333,60,23,0.244358
2026-04-06T15:32:03Z,0.383333,60,23,0.244358
2026-04-06T15:32:34Z,0.383333,60,23,0.244358
2026-04-06T15:33:04Z,0.383333,60,23,0.244358
2026-04-06T15:33:35Z,0.383333,60,23,0.244358
2026-04-06T15:34:06Z,0.383333,60,23,0.244358
2026-04-06T15:34:37Z,0.383333,60,23,0.244358
2026-04-06T15:35:09Z,0.383333,60,23,0.244358
2026-04-06T15:35:41Z,0.383333,60,23,0.244358
2026-04-06T15:36:13Z,0.383333,60,23,0.244358
2026-04-06T15:36:47Z,0.383333,60,23,0.244358
2026-04-06T15:37:20Z,0.383333,60,23,0.244358
2026-04-06T15:38:40Z,0.383333,60,23,0.244358
2026-04-06T15:39:12Z,0.383333,60,23,0.244358
2026-04-06T15:39:44Z,0.383333,60,23,0.244358
2026-04-06T15:40:16Z,0.383333,60,23,0.244358
2026-04-06T15:40:49Z,0.383333,60,23,0.244358
2026-04-06T15:41:20Z,0.383333,60,23,0.244358
2026-04-06T15:41:52Z,0.383333,60,23,0.244358
2026-04-06T15:42:24Z,0.383333,60,23,0.244358
2026-04-06T15:42:55Z,0.383333,60,23,0.244358
2026-04-06T15:43:27Z,0.383333,60,23,0.244358
2026-04-06T15:43:59Z,0.383333,60,23,0.244358
2026-04-06T15:44:31Z,0.383333,60,23,0.244358
2026-04-06T15:45:03Z,0.383333,60,23,0.244358
2026-04-06T15:45:35Z,0.383333,60,23,0.244358
2026-04-06T15:46:07Z,0.383333,60,23,0.244358
2026-04-06T15:46:37Z,0.383333,60,23,0.244358
2026-04-06T15:47:08Z,0.383333,60,23,0.244358
2026-04-06T15:47:40Z,0.383333,60,23,0.244358
2026-04-06T15:48:12Z,0.383333,60,23,0.244358
2026-04-06T15:48:45Z,0.383333,60,23,0.244358
2026-04-06T15:49:17Z,0.383333,60,23,0.244358
2026-04-06T15:49:50Z,0.383333,60,23,0.244358
2026-04-06T15:50:22Z,0.383333,60,23,0.244358
2026-04-06T15:50:54Z,0.383333,60,23,0.244358
2026-04-06T15:51:26Z,0.383333,60,23,0.244358
2026-04-06T15:51:58Z,0.383333,60,23,0.244358
2026-04-06T15:52:30Z,0.383333,60,23,0.244358
2026-04-06T15:53:02Z,0.383333,60,23,0.244358
2026-04-06T15:53:34Z,0.383333,60,23,0.244358
2026-04-06T15:54:06Z,0.383333,60,23,0.244358
2026-04-06T15:54:37Z,0.383333,60,23,0.244358
2026-04-06T15:55:07Z,0.383333,60,23,0.244358
2026-04-06T15:55:38Z,0.383333,60,23,0.244358
2026-04-06T15:56:10Z,0.383333,60,23,0.244358
2026-04-06T15:56:43Z,0.383333,60,23,0.244358
2026-04-06T15:57:15Z,0.383333,60,23,0.244358
2026-04-06T15:57:48Z,0.383333,60,23,0.244358
2026-04-06T15:58:20Z,0.383333,60,23,0.244358
2026-04-06T15:58:52Z,0.383333,60,23,0.244358
2026-04-06T15:59:24Z,0.383333,60,23,0.244358
2026-04-06T15:59:56Z,0.383333,60,23,0.244358
2026-04-06T16:00:28Z,0.383333,60,23,0.244358
2026-04-06T16:01:00Z,0.383333,60,23,0.244358
2026-04-06T16:01:32Z,0.383333,60,23,0.244358
2026-04-06T16:02:03Z,0.383333,60,23,0.244358
2026-04-06T16:02:35Z,0.383333,60,23,0.244358
2026-04-06T16:03:07Z,0.383333,60,23,0.244358
2026-04-06T16:03:38Z,0.383333,60,23,0.244358
2026-04-06T16:04:09Z,0.383333,60,23,0.244358
2026-04-06T16:04:40Z,0.383333,60,23,0.244358
2026-04-06T16:05:12Z,0.383333,60,23,0.244358
2026-04-06T16:05:44Z,0.383333,60,23,0.244358
2026-04-06T16:06:16Z,0.383333,60,23,0.244358
2026-04-06T16:06:48Z,0.383333,60,23,0.244358
2026-04-06T16:07:20Z,0.383333,60,23,0.244358
2026-04-06T16:07:51Z,0.383333,60,23,0.244358
2026-04-06T16:08:21Z,0.383333,60,23,0.244358
2026-04-06T16:08:52Z,0.383333,60,23,0.244358
2026-04-06T16:09:22Z,0.383333,60,23,0.244358
2026-04-06T16:09:52Z,0.383333,60,23,0.244358
2026-04-06T16:10:22Z,0.383333,60,23,0.244358
2026-04-06T16:10:53Z,0.383333,60,23,0.244358
2026-04-06T16:11:23Z,0.383333,60,23,0.244358
2026-04-06T16:11:54Z,0.383333,60,23,0.244358
2026-04-06T16:12:26Z,0.383333,60,23,0.244358
2026-04-06T16:12:57Z,0.383333,60,23,0.244358
2026-04-06T16:13:28Z,0.383333,60,23,0.244358
2026-04-06T16:13:59Z,0.383333,60,23,0.244358
2026-04-06T16:14:30Z,0.383333,60,23,0.244358
2026-04-06T16:15:01Z,0.383333,60,23,0.244358
2026-04-06T16:15:32Z,0.383333,60,23,0.244358
2026-04-06T16:16:03Z,0.383333,60,23,0.244358
2026-04-06T16:16:34Z,0.383333,60,23,0.244358
2026-04-06T16:17:06Z,0.383333,60,23,0.244358
2026-04-06T16:17:37Z,0.383333,60,23,0.244358
2026-04-06T16:18:09Z,0.383333,60,23,0.244358
2026-04-06T16:18:43Z,0.383333,60,23,0.244358
2026-04-06T16:19:16Z,0.383333,60,23,0.244358
2026-04-06T16:19:53Z,0.383333,60,23,0.244358
2026-04-06T16:20:25Z,0.383333,60,23,0.244358
2026-04-06T16:20:57Z,0.383333,60,23,0.244358
2026-04-06T16:21:28Z,0.383333,60,23,0.244358
2026-04-06T16:21:58Z,0.383333,60,23,0.244358
2026-04-06T16:22:29Z,0.383333,60,23,0.244358
2026-04-06T16:23:01Z,0.383333,60,23,0.244358
2026-04-06T16:23:33Z,0.383333,60,23,0.244358
2026-04-06T16:24:06Z,0.383333,60,23,0.244358
2026-04-06T16:24:38Z,0.383333,60,23,0.244358
2026-04-06T16:25:10Z,0.383333,60,23,0.244358
2026-04-06T16:25:41Z,0.383333,60,23,0.244358
2026-04-06T16:26:12Z,0.383333,60,23,0.244358
2026-04-06T16:26:43Z,0.383333,60,23,0.244358
2026-04-06T16:27:13Z,0.383333,60,23,0.244358
2026-04-06T16:27:45Z,0.383333,60,23,0.244358
2026-04-06T16:28:18Z,0.383333,60,23,0.244358
2026-04-06T16:28:49Z,0.383333,60,23,0.244358
2026-04-06T16:29:21Z,0.383333,60,23,0.244358
2026-04-06T16:29:53Z,0.383333,60,23,0.244358
2026-04-06T16:30:24Z,0.383333,60,23,0.244358
2026-04-06T16:30:56Z,0.383333,60,23,0.244358
2026-04-06T16:31:27Z,0.383333,60,23,0.244358
2026-04-06T16:31:58Z,0.383333,60,23,0.244358
2026-04-06T16:32:30Z,0.383333,60,23,0.244358
2026-04-06T16:33:01Z,0.383333,60,23,0.244358
2026-04-06T16:33:33Z,0.383333,60,23,0.244358
2026-04-06T16:34:05Z,0.383333,60,23,0.244358
2026-04-06T16:34:36Z,0.383333,60,23,0.244358
2026-04-06T16:35:07Z,0.383333,60,23,0.244358
2026-04-06T16:35:39Z,0.383333,60,23,0.244358
2026-04-06T16:36:10Z,0.383333,60,23,0.244358
2026-04-06T16:36:42Z,0.383333,60,23,0.244358
2026-04-06T16:37:13Z,0.383333,60,23,0.244358
2026-04-06T16:37:45Z,0.383333,60,23,0.244358
2026-04-06T16:38:17Z,0.383333,60,23,0.244358
2026-04-06T16:38:48Z,0.383333,60,23,0.244358
2026-04-06T16:39:19Z,0.383333,60,23,0.244358
2026-04-06T16:39:51Z,0.383333,60,23,0.244358
2026-04-06T16:40:22Z,0.383333,60,23,0.244358
2026-04-06T16:40:53Z,0.383333,60,23,0.244358
2026-04-06T16:41:25Z,0.383333,60,23,0.244358
2026-04-06T16:41:56Z,0.383333,60,23,0.244358
2026-04-06T16:42:27Z,0.383333,60,23,0.244358
2026-04-06T16:42:59Z,0.383333,60,23,0.244358
2026-04-06T16:43:30Z,0.383333,60,23,0.244358
2026-04-06T16:44:01Z,0.383333,60,23,0.244358
2026-04-06T16:44:33Z,0.383333,60,23,0.244358
2026-04-06T16:45:04Z,0.383333,60,23,0.244358
2026-04-06T16:45:36Z,0.383333,60,23,0.244358
2026-04-06T16:46:08Z,0.383333,60,23,0.244358
2026-04-06T16:46:39Z,0.383333,60,23,0.244358
2026-04-06T16:47:11Z,0.383333,60,23,0.244358
2026-04-06T16:47:42Z,0.383333,60,23,0.244358
2026-04-06T16:48:14Z,0.383333,60,23,0.244358
2026-04-06T16:48:45Z,0.383333,60,23,0.244358
2026-04-06T16:49:16Z,0.383333,60,23,0.244358
2026-04-06T16:49:48Z,0.383333,60,23,0.244358
2026-04-06T16:50:18Z,0.383333,60,23,0.244358
2026-04-06T16:50:49Z,0.383333,60,23,0.244358
2026-04-06T16:51:21Z,0.383333,60,23,0.244358
2026-04-06T16:51:52Z,0.383333,60,23,0.244358
2026-04-06T16:52:23Z,0.383333,60,23,0.244358
2026-04-06T16:52:53Z,0.383333,60,23,0.244358
2026-04-06T16:53:26Z,0.383333,60,23,0.244358
2026-04-06T16:53:56Z,0.383333,60,23,0.244358
2026-04-06T16:54:27Z,0.383333,60,23,0.244358
2026-04-06T16:54:58Z,0.383333,60,23,0.244358
2026-04-06T16:55:28Z,0.383333,60,23,0.244358
2026-04-06T16:55:59Z,0.383333,60,23,0.244358
2026-04-06T16:56:31Z,0.383333,60,23,0.244358
2026-04-06T16:57:02Z,0.383333,60,23,0.244358
2026-04-06T16:57:32Z,0.383333,60,23,0.244358
2026-04-06T16:58:03Z,0.383333,60,23,0.244358
2026-04-06T16:58:33Z,0.383333,60,23,0.244358
2026-04-06T16:59:03Z,0.383333,60,23,0.244358
2026-04-06T16:59:33Z,0.383333,60,23,0.244358
2026-04-06T17:00:03Z,0.383333,60,23,0.244358
2026-04-06T17:00:33Z,0.383333,60,23,0.244358
2026-04-06T17:01:04Z,0.383333,60,23,0.244358
2026-04-06T17:01:34Z,0.383333,60,23,0.244358
2026-04-06T17:02:05Z,0.383333,60,23,0.244358
2026-04-06T17:02:35Z,0.383333,60,23,0.244358
2026-04-06T17:03:05Z,0.383333,60,23,0.244358
2026-04-06T17:03:35Z,0.383333,60,23,0.244358
2026-04-06T17:04:06Z,0.383333,60,23,0.244358
2026-04-06T17:04:36Z,0.383333,60,23,0.244358
2026-04-06T17:05:07Z,0.383333,60,23,0.244358
2026-04-06T17:05:39Z,0.383333,60,23,0.244358
2026-04-06T17:06:10Z,0.383333,60,23,0.244358
2026-04-06T17:06:42Z,0.383333,60,23,0.244358
2026-04-06T17:07:14Z,0.383333,60,23,0.244358
2026-04-06T17:07:44Z,0.383333,60,23,0.244358
2026-04-06T17:08:13Z,0.383333,60,23,0.244358
2026-04-06T17:08:43Z,0.383333,60,23,0.244358
2026-04-06T17:09:12Z,0.383333,60,23,0.244358
2026-04-06T17:09:42Z,0.383333,60,23,0.244358
2026-04-06T17:10:12Z,0.383333,60,23,0.244358
2026-04-06T17:10:41Z,0.383333,60,23,0.244358
2026-04-06T17:11:11Z,0.383333,60,23,0.244358
2026-04-06T17:11:41Z,0.383333,60,23,0.244358
2026-04-06T17:12:10Z,0.383333,60,23,0.244358
2026-04-06T17:12:40Z,0.383333,60,23,0.244358
2026-04-06T17:13:10Z,0.383333,60,23,0.244358
2026-04-06T17:13:39Z,0.383333,60,23,0.244358
2026-04-06T17:14:09Z,0.383333,60,23,0.244358
2026-04-06T17:14:39Z,0.383333,60,23,0.244358
2026-04-06T17:15:08Z,0.383333,60,23,0.244358
2026-04-06T17:15:38Z,0.383333,60,23,0.244358
2026-04-06T17:16:08Z,0.383333,60,23,0.244358
2026-04-06T17:16:40Z,0.383333,60,23,0.244358
2026-04-06T17:17:09Z,0.383333,60,23,0.244358
2026-04-06T17:17:39Z,0.383333,60,23,0.244358
2026-04-06T17:18:09Z,0.383333,60,23,0.244358
2026-04-06T17:18:38Z,0.383333,60,23,0.244358
2026-04-06T17:19:08Z,0.383333,60,23,0.244358
2026-04-06T17:19:38Z,0.383333,60,23,0.244358
2026-04-06T17:20:07Z,0.383333,60,23,0.244358
2026-04-06T17:20:37Z,0.383333,60,23,0.244358
2026-04-06T17:21:07Z,0.383333,60,23,0.244358
2026-04-06T17:21:37Z,0.383333,60,23,0.244358
2026-04-06T17:22:07Z,0.383333,60,23,0.244358
2026-04-06T17:22:36Z,0.383333,60,23,0.244358
2026-04-06T17:23:06Z,0.383333,60,23,0.244358
2026-04-06T17:23:35Z,0.383333,60,23,0.244358
2026-04-06T17:24:05Z,0.383333,60,23,0.244358
2026-04-06T17:24:35Z,0.383333,60,23,0.244358
2026-04-06T17:25:04Z,0.383333,60,23,0.244358
2026-04-06T17:25:34Z,0.383333,60,23,0.244358
2026-04-06T17:26:04Z,0.383333,60,23,0.244358
2026-04-06T17:26:35Z,0.383333,60,23,0.244358
2026-04-06T17:27:05Z,0.383333,60,23,0.244358
2026-04-06T17:27:35Z,0.383333,60,23,0.244358
2026-04-06T17:28:05Z,0.383333,60,23,0.244358
2026-04-06T17:28:36Z,0.383333,60,23,0.244358
2026-04-06T17:29:06Z,0.383333,60,23,0.244358
2026-04-06T17:29:35Z,0.383333,60,23,0.244358
2026-04-06T17:30:06Z,0.383333,60,23,0.244358
2026-04-06T17:30:38Z,0.383333,60,23,0.244358
2026-04-06T17:31:10Z,0.383333,60,23,0.244358
2026-04-06T17:31:42Z,0.383333,60,23,0.244358
2026-04-06T17:32:13Z,0.383333,60,23,0.244358
2026-04-06T17:32:44Z,0.383333,60,23,0.244358
2026-04-06T17:33:14Z,0.383333,60,23,0.244358
2026-04-06T17:33:44Z,0.383333,60,23,0.244358
2026-04-06T17:34:15Z,0.383333,60,23,0.244358
2026-04-06T17:34:50Z,0.383333,60,23,0.244358
2026-04-06T17:35:57Z,0.383333,60,23,0.244358
2026-04-06T17:36:27Z,0.383333,60,23,0.244358
2026-04-06T17:36:57Z,0.383333,60,23,0.244358
2026-04-06T17:37:33Z,0.383333,60,23,0.244358
2026-04-06T17:38:26Z,0.383333,60,23,0.244358
2026-04-06T17:39:17Z,0.383333,60,23,0.244358
2026-04-06T17:39:48Z,0.383333,60,23,0.244358
2026-04-06T17:40:18Z,0.383333,60,23,0.244358
2026-04-06T17:40:48Z,0.383333,60,23,0.244358
2026-04-06T17:41:19Z,0.383333,60,23,0.244358
2026-04-06T17:41:49Z,0.383333,60,23,0.244358
2026-04-06T17:42:19Z,0.383333,60,23,0.244358
2026-04-06T17:42:50Z,0.383333,60,23,0.244358
2026-04-06T17:43:20Z,0.383333,60,23,0.244358
2026-04-06T17:43:50Z,0.383333,60,23,0.244358
2026-04-06T17:44:21Z,0.383333,60,23,0.244358
2026-04-06T17:44:51Z,0.383333,60,23,0.244358
2026-04-06T17:45:22Z,0.383333,60,23,0.244358
2026-04-06T17:45:52Z,0.383333,60,23,0.244358
2026-04-06T17:46:22Z,0.383333,60,23,0.244358
2026-04-06T17:46:52Z,0.383333,60,23,0.244358
2026-04-06T17:47:22Z,0.383333,60,23,0.244358
2026-04-06T17:47:52Z,0.383333,60,23,0.244358
2026-04-06T17:48:23Z,0.383333,60,23,0.244358
2026-04-06T17:48:55Z,0.383333,60,23,0.244358
2026-04-06T17:49:26Z,0.383333,60,23,0.244358
2026-04-06T17:49:58Z,0.383333,60,23,0.244358
2026-04-06T17:50:30Z,0.383333,60,23,0.244358
2026-04-06T17:51:01Z,0.383333,60,23,0.244358
2026-04-06T17:51:33Z,0.383333,60,23,0.244358
2026-04-06T17:52:05Z,0.383333,60,23,0.244358
2026-04-06T17:52:36Z,0.383333,60,23,0.244358
2026-04-06T17:53:09Z,0.383333,60,23,0.244358
2026-04-06T17:53:40Z,0.383333,60,23,0.244358
2026-04-06T17:54:12Z,0.383333,60,23,0.244358
2026-04-06T17:54:43Z,0.383333,60,23,0.244358
2026-04-06T17:55:13Z,0.383333,60,23,0.244358
2026-04-06T17:55:44Z,0.383333,60,23,0.244358
2026-04-06T17:56:14Z,0.383333,60,23,0.244358
2026-04-06T17:56:46Z,0.383333,60,23,0.244358
2026-04-06T17:57:16Z,0.383333,60,23,0.244358
2026-04-06T17:57:48Z,0.383333,60,23,0.244358
2026-04-06T17:58:18Z,0.383333,60,23,0.244358
2026-04-06T17:58:48Z,0.383333,60,23,0.244358
2026-04-06T17:59:22Z,0.383333,60,23,0.244358
2026-04-06T17:59:56Z,0.383333,60,23,0.244358
2026-04-06T18:00:26Z,0.383333,60,23,0.244358
2026-04-06T18:00:57Z,0.383333,60,23,0.244358
2026-04-06T18:01:27Z,0.383333,60,23,0.244358
2026-04-06T18:01:57Z,0.383333,60,23,0.244358
2026-04-06T18:02:27Z,0.383333,60,23,0.244358
2026-04-06T18:02:57Z,0.383333,60,23,0.244358
2026-04-06T18:03:27Z,0.383333,60,23,0.244358
2026-04-06T18:03:57Z,0.383333,60,23,0.244358
2026-04-06T18:04:26Z,0.383333,60,23,0.244358
2026-04-06T18:04:56Z,0.383333,60,23,0.244358
2026-04-06T18:05:26Z,0.383333,60,23,0.244358
2026-04-06T18:05:57Z,0.383333,60,23,0.244358
2026-04-06T18:06:29Z,0.383333,60,23,0.244358
2026-04-06T18:07:00Z,0.383333,60,23,0.244358
2026-04-06T18:07:31Z,0.383333,60,23,0.244358
2026-04-06T18:08:00Z,0.383333,60,23,0.244358
2026-04-06T18:08:31Z,0.383333,60,23,0.244358
2026-04-06T18:09:00Z,0.383333,60,23,0.244358
2026-04-06T18:09:30Z,0.383333,60,23,0.244358
2026-04-06T18:10:00Z,0.383333,60,23,0.244358
2026-04-06T18:10:29Z,0.383333,60,23,0.244358
2026-04-06T18:10:59Z,0.383333,60,23,0.244358
2026-04-06T18:11:29Z,0.383333,60,23,0.244358
2026-04-06T18:11:59Z,0.383333,60,23,0.244358
2026-04-06T18:12:28Z,0.383333,60,23,0.244358
2026-04-06T18:12:58Z,0.383333,60,23,0.244358
2026-04-06T18:13:28Z,0.383333,60,23,0.244358
2026-04-06T18:13:57Z,0.383333,60,23,0.244358
2026-04-06T18:14:27Z,0.383333,60,23,0.244358
2026-04-06T18:14:57Z,0.383333,60,23,0.244358
2026-04-06T18:15:26Z,0.383333,60,23,0.244358
2026-04-06T18:15:56Z,0.383333,60,23,0.244358
2026-04-06T18:16:26Z,0.383333,60,23,0.244358
2026-04-06T18:16:56Z,0.383333,60,23,0.244358
2026-04-06T18:17:26Z,0.383333,60,23,0.244358
2026-04-06T18:17:56Z,0.383333,60,23,0.244358
2026-04-06T18:18:26Z,0.383333,60,23,0.244358
2026-04-06T18:18:55Z,0.383333,60,23,0.244358
2026-04-06T18:19:25Z,0.383333,60,23,0.244358
2026-04-06T18:19:55Z,0.383333,60,23,0.244358
2026-04-06T18:20:24Z,0.383333,60,23,0.244358
2026-04-06T18:20:54Z,0.383333,60,23,0.244358
2026-04-06T18:21:23Z,0.383333,60,23,0.244358
2026-04-06T18:21:53Z,0.383333,60,23,0.244358
2026-04-06T18:22:22Z,0.383333,60,23,0.244358
2026-04-06T18:22:52Z,0.383333,60,23,0.244358
2026-04-06T18:23:21Z,0.383333,60,23,0.244358
2026-04-06T18:23:51Z,0.383333,60,23,0.244358
2026-04-06T18:24:21Z,0.383333,60,23,0.244358
2026-04-06T18:24:50Z,0.383333,60,23,0.244358
2026-04-06T18:25:20Z,0.383333,60,23,0.244358
2026-04-06T18:25:49Z,0.383333,60,23,0.244358
2026-04-06T18:26:20Z,0.383333,60,23,0.244358
2026-04-06T18:26:51Z,0.383333,60,23,0.244358
2026-04-06T18:27:21Z,0.383333,60,23,0.244358
2026-04-06T18:27:51Z,0.383333,60,23,0.244358
2026-04-06T18:28:20Z,0.383333,60,23,0.244358
2026-04-06T18:28:50Z,0.383333,60,23,0.244358
2026-04-06T18:29:19Z,0.383333,60,23,0.244358
2026-04-06T18:29:49Z,0.383333,60,23,0.244358
2026-04-06T18:30:19Z,0.383333,60,23,0.244358
2026-04-06T18:30:48Z,0.383333,60,23,0.244358
2026-04-06T18:31:18Z,0.383333,60,23,0.244358
2026-04-06T18:31:47Z,0.383333,60,23,0.244358
2026-04-06T18:32:17Z,0.383333,60,23,0.244358
2026-04-06T18:32:47Z,0.383333,60,23,0.244358
2026-04-06T18:33:16Z,0.383333,60,23,0.244358
2026-04-06T18:33:46Z,0.383333,60,23,0.244358
2026-04-06T18:34:15Z,0.383333,60,23,0.244358
2026-04-06T18:34:45Z,0.383333,60,23,0.244358
2026-04-06T18:35:15Z,0.383333,60,23,0.244358
2026-04-06T18:35:44Z,0.383333,60,23,0.244358
2026-04-06T18:36:14Z,0.383333,60,23,0.244358
2026-04-06T18:36:44Z,0.383333,60,23,0.244358
2026-04-06T18:37:14Z,0.383333,60,23,0.244358
2026-04-06T18:37:44Z,0.383333,60,23,0.244358
2026-04-06T18:38:14Z,0.383333,60,23,0.244358
2026-04-06T18:38:43Z,0.383333,60,23,0.244358
2026-04-06T18:39:13Z,0.383333,60,23,0.244358
2026-04-06T18:39:42Z,0.383333,60,23,0.244358
2026-04-06T18:40:12Z,0.383333,60,23,0.244358
2026-04-06T18:40:41Z,0.383333,60,23,0.244358
2026-04-06T18:41:11Z,0.383333,60,23,0.244358
2026-04-06T18:41:41Z,0.383333,60,23,0.244358
2026-04-06T18:42:10Z,0.383333,60,23,0.244358
2026-04-06T18:42:40Z,0.383333,60,23,0.244358
2026-04-06T18:43:10Z,0.383333,60,23,0.244358
2026-04-06T18:43:39Z,0.383333,60,23,0.244358
2026-04-06T18:44:09Z,0.383333,60,23,0.244358
2026-04-06T18:44:39Z,0.383333,60,23,0.244358
2026-04-06T18:45:08Z,0.383333,60,23,0.244358
2026-04-06T18:45:38Z,0.383333,60,23,0.244358
2026-04-06T18:46:09Z,0.383333,60,23,0.244358
2026-04-06T18:46:39Z,0.383333,60,23,0.244358
2026-04-06T18:47:09Z,0.383333,60,23,0.244358
2026-04-06T18:47:41Z,0.383333,60,23,0.244358
2026-04-06T18:48:11Z,0.383333,60,23,0.244358
2026-04-06T18:48:41Z,0.383333,60,23,0.244358
2026-04-06T18:49:10Z,0.383333,60,23,0.244358
2026-04-06T18:49:40Z,0.383333,60,23,0.244358
2026-04-06T18:50:09Z,0.383333,60,23,0.244358
2026-04-06T18:50:39Z,0.383333,60,23,0.244358
2026-04-06T18:51:09Z,0.383333,60,23,0.244358
2026-04-06T18:51:39Z,0.383333,60,23,0.244358
2026-04-06T18:52:09Z,0.383333,60,23,0.244358
2026-04-06T18:52:38Z,0.383333,60,23,0.244358
2026-04-06T18:53:08Z,0.383333,60,23,0.244358
2026-04-06T18:53:37Z,0.383333,60,23,0.244358
2026-04-06T18:54:07Z,0.383333,60,23,0.244358
2026-04-06T18:54:37Z,0.383333,60,23,0.244358
2026-04-06T18:55:06Z,0.383333,60,23,0.244358
2026-04-06T18:55:35Z,0.383333,60,23,0.244358
2026-04-06T18:56:06Z,0.383333,60,23,0.244358
2026-04-06T18:56:37Z,0.383333,60,23,0.244358
2026-04-06T18:57:06Z,0.383333,60,23,0.244358
2026-04-06T18:57:36Z,0.383333,60,23,0.244358
2026-04-06T18:58:06Z,0.383333,60,23,0.244358
2026-04-06T18:58:36Z,0.383333,60,23,0.244358
2026-04-06T18:59:05Z,0.383333,60,23,0.244358
2026-04-06T18:59:35Z,0.383333,60,23,0.244358
2026-04-06T19:00:05Z,0.383333,60,23,0.244358
2026-04-06T19:00:34Z,0.383333,60,23,0.244358
2026-04-06T19:01:04Z,0.383333,60,23,0.244358
2026-04-06T19:01:34Z,0.383333,60,23,0.244358
2026-04-06T19:02:04Z,0.383333,60,23,0.244358
2026-04-06T19:02:35Z,0.383333,60,23,0.244358
2026-04-06T19:03:04Z,0.383333,60,23,0.244358
2026-04-06T19:03:34Z,0.383333,60,23,0.244358
2026-04-06T19:04:04Z,0.383333,60,23,0.244358
2026-04-06T19:04:33Z,0.383333,60,23,0.244358
2026-04-06T19:05:03Z,0.383333,60,23,0.244358
2026-04-06T19:05:35Z,0.383333,60,23,0.244358
2026-04-06T19:06:06Z,0.383333,60,23,0.244358
2026-04-06T19:06:38Z,0.383333,60,23,0.244358
2026-04-06T19:07:09Z,0.383333,60,23,0.244358
2026-04-06T19:07:39Z,0.383333,60,23,0.244358
2026-04-06T19:08:09Z,0.383333,60,23,0.244358
2026-04-06T19:08:39Z,0.383333,60,23,0.244358
2026-04-06T19:09:08Z,0.383333,60,23,0.244358
2026-04-06T19:09:38Z,0.383333,60,23,0.244358
2026-04-06T19:10:08Z,0.383333,60,23,0.244358
2026-04-06T19:10:37Z,0.383333,60,23,0.244358
2026-04-06T19:11:07Z,0.383333,60,23,0.244358
2026-04-06T19:11:37Z,0.383333,60,23,0.244358
2026-04-06T19:12:07Z,0.383333,60,23,0.244358
2026-04-06T19:12:36Z,0.383333,60,23,0.244358
2026-04-06T19:13:06Z,0.383333,60,23,0.244358
2026-04-06T19:13:35Z,0.383333,60,23,0.244358
2026-04-06T19:14:05Z,0.383333,60,23,0.244358
2026-04-06T19:14:35Z,0.383333,60,23,0.244358
2026-04-06T19:15:04Z,0.383333,60,23,0.244358
2026-04-06T19:15:34Z,0.383333,60,23,0.244358
2026-04-06T19:16:04Z,0.383333,60,23,0.244358
2026-04-06T19:16:35Z,0.383333,60,23,0.244358
2026-04-06T19:17:05Z,0.383333,60,23,0.244358
2026-04-06T19:17:34Z,0.383333,60,23,0.244358
2026-04-06T19:18:05Z,0.383333,60,23,0.244358
2026-04-06T19:18:34Z,0.383333,60,23,0.244358
2026-04-06T19:19:04Z,0.383333,60,23,0.244358
2026-04-06T19:19:33Z,0.383333,60,23,0.244358
2026-04-06T19:20:04Z,0.383333,60,23,0.244358
2026-04-06T19:20:33Z,0.383333,60,23,0.244358
2026-04-06T19:21:03Z,0.383333,60,23,0.244358
2026-04-06T19:21:33Z,0.383333,60,23,0.244358
2026-04-06T19:22:02Z,0.383333,60,23,0.244358
2026-04-06T19:22:32Z,0.383333,60,23,0.244358
2026-04-06T19:23:02Z,0.383333,60,23,0.244358
2026-04-06T19:23:31Z,0.383333,60,23,0.244358
2026-04-06T19:24:01Z,0.383333,60,23,0.244358
2026-04-06T19:24:31Z,0.383333,60,23,0.244358
2026-04-06T19:25:00Z,0.383333,60,23,0.244358
2026-04-06T19:25:30Z,0.383333,60,23,0.244358
2026-04-06T19:25:59Z,0.383333,60,23,0.244358
2026-04-06T19:26:30Z,0.383333,60,23,0.244358
2026-04-06T19:27:01Z,0.383333,60,23,0.244358
2026-04-06T19:27:31Z,0.383333,60,23,0.244358
2026-04-06T19:28:01Z,0.383333,60,23,0.244358
2026-04-06T19:28:31Z,0.383333,60,23,0.244358
2026-04-06T19:29:01Z,0.383333,60,23,0.244358
2026-04-06T19:29:30Z,0.383333,60,23,0.244358
2026-04-06T19:30:00Z,0.383333,60,23,0.244358
2026-04-06T19:30:30Z,0.383333,60,23,0.244358
2026-04-06T19:30:59Z,0.383333,60,23,0.244358
2026-04-06T19:31:29Z,0.383333,60,23,0.244358
2026-04-06T19:31:59Z,0.383333,60,23,0.244358
2026-04-06T19:32:29Z,0.383333,60,23,0.244358
2026-04-06T19:32:58Z,0.383333,60,23,0.244358
2026-04-06T19:33:28Z,0.383333,60,23,0.244358
2026-04-06T19:33:58Z,0.383333,60,23,0.244358
2026-04-06T19:34:27Z,0.383333,60,23,0.244358
2026-04-06T19:34:57Z,0.383333,60,23,0.244358
2026-04-06T19:35:27Z,0.383333,60,23,0.244358
2026-04-06T19:35:56Z,0.383333,60,23,0.244358
2026-04-06T19:36:26Z,0.383333,60,23,0.244358
2026-04-06T19:36:55Z,0.383333,60,23,0.244358
2026-04-06T19:37:25Z,0.383333,60,23,0.244358
2026-04-06T19:37:55Z,0.383333,60,23,0.244358
2026-04-06T19:38:25Z,0.383333,60,23,0.244358
2026-04-06T19:38:54Z,0.383333,60,23,0.244358
2026-04-06T19:39:24Z,0.383333,60,23,0.244358
2026-04-06T19:39:53Z,0.383333,60,23,0.244358
2026-04-06T19:40:23Z,0.383333,60,23,0.244358
2026-04-06T19:40:52Z,0.383333,60,23,0.244358
2026-04-06T19:41:22Z,0.383333,60,23,0.244358
2026-04-06T19:41:51Z,0.383333,60,23,0.244358
2026-04-06T19:42:21Z,0.383333,60,23,0.244358
2026-04-06T19:42:51Z,0.383333,60,23,0.244358
2026-04-06T19:43:20Z,0.383333,60,23,0.244358
2026-04-06T19:43:50Z,0.383333,60,23,0.244358
2026-04-06T19:44:19Z,0.383333,60,23,0.244358
2026-04-06T19:44:49Z,0.383333,60,23,0.244358
2026-04-06T19:45:18Z,0.383333,60,23,0.244358
2026-04-06T19:45:48Z,0.383333,60,23,0.244358
2026-04-06T19:46:19Z,0.383333,60,23,0.244358
2026-04-06T19:46:49Z,0.383333,60,23,0.244358
2026-04-06T19:47:19Z,0.383333,60,23,0.244358
2026-04-06T19:47:48Z,0.383333,60,23,0.244358
2026-04-06T19:48:18Z,0.383333,60,23,0.244358
2026-04-06T19:48:48Z,0.383333,60,23,0.244358
2026-04-06T19:49:17Z,0.383333,60,23,0.244358
2026-04-06T19:49:47Z,0.383333,60,23,0.244358
2026-04-06T19:50:16Z,0.383333,60,23,0.244358
2026-04-06T19:50:46Z,0.383333,60,23,0.244358
2026-04-06T19:51:16Z,0.383333,60,23,0.244358
2026-04-06T19:51:45Z,0.383333,60,23,0.244358
2026-04-06T19:52:15Z,0.383333,60,23,0.244358
2026-04-06T19:52:45Z,0.383333,60,23,0.244358
2026-04-06T19:53:14Z,0.383333,60,23,0.244358
2026-04-06T19:53:44Z,0.383333,60,23,0.244358
2026-04-06T19:54:14Z,0.383333,60,23,0.244358
2026-04-06T19:54:43Z,0.383333,60,23,0.244358
2026-04-06T19:55:13Z,0.383333,60,23,0.244358
2026-04-06T19:55:42Z,0.383333,60,23,0.244358
2026-04-06T19:56:13Z,0.383333,60,23,0.244358
2026-04-06T19:56:44Z,0.383333,60,23,0.244358
2026-04-06T19:57:13Z,0.383333,60,23,0.244358
2026-04-06T19:57:43Z,0.383333,60,23,0.244358
2026-04-06T19:58:13Z,0.383333,60,23,0.244358
2026-04-06T19:58:43Z,0.383333,60,23,0.244358
2026-04-06T19:59:12Z,0.383333,60,23,0.244358
2026-04-06T19:59:42Z,0.383333,60,23,0.244358
2026-04-06T20:00:11Z,0.383333,60,23,0.244358
2026-04-06T20:00:41Z,0.383333,60,23,0.244358
2026-04-06T20:01:11Z,0.383333,60,23,0.244358
2026-04-06T20:01:40Z,0.383333,60,23,0.244358
2026-04-06T20:02:10Z,0.383333,60,23,0.244358
2026-04-06T20:02:40Z,0.383333,60,23,0.244358
2026-04-06T20:03:09Z,0.383333,60,23,0.244358
2026-04-06T20:03:39Z,0.383333,60,23,0.244358
2026-04-06T20:04:08Z,0.383333,60,23,0.244358
2026-04-06T20:04:38Z,0.383333,60,23,0.244358
2026-04-06T20:05:09Z,0.383333,60,23,0.244358
2026-04-06T20:05:40Z,0.383333,60,23,0.244358
2026-04-06T20:06:11Z,0.383333,60,23,0.244358
2026-04-06T20:06:42Z,0.383333,60,23,0.244358
2026-04-06T20:07:14Z,0.383333,60,23,0.244358
2026-04-06T20:07:44Z,0.383333,60,23,0.244358
2026-04-06T20:08:13Z,0.383333,60,23,0.244358
2026-04-06T20:08:43Z,0.383333,60,23,0.244358
2026-04-06T20:09:12Z,0.383333,60,23,0.244358
2026-04-06T20:09:42Z,0.383333,60,23,0.244358
2026-04-06T20:10:11Z,0.383333,60,23,0.244358
2026-04-06T20:10:41Z,0.383333,60,23,0.244358
2026-04-06T20:11:11Z,0.383333,60,23,0.244358
2026-04-06T20:11:41Z,0.383333,60,23,0.244358
2026-04-06T20:12:10Z,0.383333,60,23,0.244358
2026-04-06T20:12:40Z,0.383333,60,23,0.244358
2026-04-06T20:13:10Z,0.383333,60,23,0.244358
2026-04-06T20:13:39Z,0.383333,60,23,0.244358
2026-04-06T20:14:09Z,0.383333,60,23,0.244358
2026-04-06T20:14:38Z,0.383333,60,23,0.244358
2026-04-06T20:15:08Z,0.383333,60,23,0.244358
2026-04-06T20:15:37Z,0.383333,60,23,0.244358
2026-04-06T20:16:08Z,0.383333,60,23,0.244358
2026-04-06T20:16:40Z,0.383333,60,23,0.244358
2026-04-06T20:17:11Z,0.383333,60,23,0.244358
2026-04-06T20:17:41Z,0.383333,60,23,0.244358
2026-04-06T20:18:11Z,0.383333,60,23,0.244358
2026-04-06T20:18:41Z,0.383333,60,23,0.244358
2026-04-06T20:19:11Z,0.383333,60,23,0.244358
2026-04-06T20:19:43Z,0.383333,60,23,0.244358
2026-04-06T20:20:14Z,0.383333,60,23,0.244358
2026-04-06T20:20:45Z,0.383333,60,23,0.244358
2026-04-06T20:21:16Z,0.383333,60,23,0.244358
2026-04-06T20:21:47Z,0.383333,60,23,0.244358
2026-04-06T20:22:17Z,0.383333,60,23,0.244358
2026-04-06T20:22:47Z,0.383333,60,23,0.244358
2026-04-06T20:23:17Z,0.383333,60,23,0.244358
2026-04-06T20:23:48Z,0.383333,60,23,0.244358
2026-04-06T20:24:18Z,0.383333,60,23,0.244358
2026-04-06T20:24:49Z,0.383333,60,23,0.244358
2026-04-06T20:25:20Z,0.383333,60,23,0.244358
2026-04-06T20:25:51Z,0.383333,60,23,0.244358
2026-04-06T20:26:22Z,0.383333,60,23,0.244358
