record_id,domain,pmid,doi,population_note,constitution_type,variant_id,effect_allele,other_allele,effect_direction,effect_size_type,effect_size_value,effect_size_ci95,p_value,fdr,maf_case,maf_control,notes
kim2012_te_rs10937331,sasang_gwas,22394158,10.1089/acm.2010.0764,"Korean, Sasang constitution GWAS, n=1222",TE,rs10937331,G,A,risk_increase_for_type,OR,1.61,"1.31,1.96",2.71e-06,0.31,0.24,0.16,"Top TE SNP from Table 2."
kim2012_se_rs7180547,sasang_gwas,22394158,10.1089/acm.2010.0764,"Korean, Sasang constitution GWAS, n=1222",SE,rs7180547,C,T,risk_increase_for_type,OR,2.49,"1.70,3.67",1.58e-06,0.35,0.081,0.034,"Top SE SNP from Table 2."
kim2012_sy_rs12431592,sasang_gwas,22394158,10.1089/acm.2010.0764,"Korean, Sasang constitution GWAS, n=1222",SY,rs12431592,G,C,risk_increase_for_type,OR,1.53,"1.29,1.83",1.31e-06,0.36,0.43,0.33,"Top SY SNP from Table 2."
cha2008_il1b_3953_overweight_vs_lean,candidate_gene,18465425,,"Healthy Korean females, n=181",all,IL1B_+3953_C_T,T,C,protective_for_overweight,OR,0.296,,0.049,,,,Overweight (BMI 25-29) versus lean (BMI <25).
cha2008_il1b_3953_taeumin_subgroup,candidate_gene,18465425,,"Taeumin female subgroup from same cohort",TE,IL1B_+3953_C_T,T,C,protective_for_overweight,OR,0.152,,0.007,,,,Taeumin female subgroup analysis.
kim2015_fto_rs7193144_soeum,sasang_gwas_replication,25888059,,"Discovery+replication combined, n=5490",SE,rs7193144,,,inverse_association_with_type,OR,0.729,,1.47e-07,,,,Association remained after BMI adjustment (abstract statement).
park2011_fto_mc4r_bmi_effect,candidate_gene_stratified,19822564,10.1093/ecam/nep162,"Korean cohorts combined, n=1370",all_with_sasang_stratification,FTO_haplotypes_and_MC4R_variants,,,bmi_increase,BMI_effect_size_kg_m2,1.1,,,,,,"Abstract reports FTO effect size about +1.1 kg/m2; MC4R about +0.64 kg/m2."
park2011_mc4r_bmi_effect,candidate_gene_stratified,19822564,10.1093/ecam/nep162,"Korean cohorts combined, n=1370",all_with_sasang_stratification,MC4R_rs17782313_or_rs12970134,,,bmi_increase,BMI_effect_size_kg_m2,0.64,,,,,,Abstract-level effect size.
won2009_genomewide_linkage_peaks,sasang_genomewide_linkage,19552595,10.1089/acm.2009.0067,"Korean family linkage n=40 + independent association n=310",all,linkage_regions_8q11.22-23_11q22.1-3,,,linked_regions_supported,NPL_Zscore,5.0,,0.05,,,,Genome-wide linkage peaks had NPL Z > 5.0; 8q11.22-23 and 11q22.1-3 supported at p<0.05.
yin2009_fcm_gwas_significant_counts,sasang_gwas,19954339,10.1089/acm.2009.0205,FCM GWAS abstract-level count statistics,all,gwas_summary_counts,,,differential_snp_counts_reported,count,15944,,,,,,One-to-one significant SNP count=15944; one-to-two count=22616; total typed SNPs=353202.
hur2018_twin_overlap,sasang_heritability_overlap,30376909,10.1017/thg.2018.56,Multivariate twin study for Sasang genetic/environment overlap,all,twin_overlap_model,,,heritability_support,model_based_overlap,,,,,,,Model-level genetic plausibility support; not SNP-level OR/MAF evidence.
